"First Name","Last Name","Email"
"Victor","Cooper","v.cooper@randatmail.com"
"Elise","Hill","e.hill@randatmail.com"
"Abraham","Hamilton","a.hamilton@randatmail.com"
"Maddie","Walker","m.walker@randatmail.com"
"Catherine","Russell","c.russell@randatmail.com"
"Maximilian","Adams","m.adams@randatmail.com"
"Lyndon","Elliott","l.elliott@randatmail.com"
"Bruce","Reed","b.reed@randatmail.com"
"John","Owens","j.owens@randatmail.com"
"William","Lloyd","w.lloyd@randatmail.com"
"Paul","Ellis","p.ellis@randatmail.com"
"Chester","Chapman","c.chapman@randatmail.com"
"Freddie","Russell","f.russell@randatmail.com"
"Rebecca","Dixon","r.dixon@randatmail.com"
"Thomas","Barrett","t.barrett@randatmail.com"
"Lenny","Higgins","l.higgins@randatmail.com"
"Edith","Mitchell","e.mitchell@randatmail.com"
"Paige","Holmes","p.holmes@randatmail.com"
"James","Thompson","j.thompson@randatmail.com"
"Miley","Johnson","m.johnson@randatmail.com"
"Kate","Thompson","k.thompson@randatmail.com"
"Arnold","Johnston","a.johnston@randatmail.com"
"George","Adams","g.adams@randatmail.com"
"Owen","Cooper","o.cooper@randatmail.com"
"Gianna","Phillips","g.phillips@randatmail.com"
"Garry","Andrews","g.andrews@randatmail.com"
"Marcus","Warren","m.warren@randatmail.com"
"Stella","West","s.west@randatmail.com"
"Julia","Carter","j.carter@randatmail.com"
"Freddie","Bailey","f.bailey@randatmail.com"
"Ryan","Higgins","r.higgins@randatmail.com"
"Grace","Ellis","g.ellis@randatmail.com"
"Kristian","Sullivan","k.sullivan@randatmail.com"
"Sophia","Lloyd","s.lloyd@randatmail.com"
"Patrick","Sullivan","p.sullivan@randatmail.com"
"Brooke","Wright","b.wright@randatmail.com"
"Reid","Davis","r.davis@randatmail.com"
"Aiden","Evans","a.evans@randatmail.com"
"Rebecca","Thomas","r.thomas@randatmail.com"
"Alberta","Payne","a.payne@randatmail.com"
"Edith","Fowler","e.fowler@randatmail.com"
"Brooke","Harrison","b.harrison@randatmail.com"
"Amy","Carter","a.carter@randatmail.com"
"Sabrina","Elliott","s.elliott@randatmail.com"
"Isabella","Cole","i.cole@randatmail.com"
"Alina","Thomas","a.thomas@randatmail.com"
"Kate","Farrell","k.farrell@randatmail.com"
"Maya","Wright","m.wright@randatmail.com"
"Victor","Owens","v.owens@randatmail.com"
"Violet","Crawford","v.crawford@randatmail.com"
"Edgar","Hamilton","e.hamilton@randatmail.com"
"Annabella","Richardson","a.richardson@randatmail.com"
"Aldus","Murphy","a.murphy@randatmail.com"
"Max","Murray","m.murray@randatmail.com"
"Briony","Adams","b.adams@randatmail.com"
"Vincent","Walker","v.walker@randatmail.com"
"Adrian","Evans","a.evans@randatmail.com"
"Bruce","Barrett","b.barrett@randatmail.com"
"Connie","Douglas","c.douglas@randatmail.com"
"Alberta","Warren","a.warren@randatmail.com"
"Rubie","Brown","r.brown@randatmail.com"
"Stella","Morgan","s.morgan@randatmail.com"
"Wilson","Wright","w.wright@randatmail.com"
"Alberta","Davis","a.davis@randatmail.com"
"Adrian","Hill","a.hill@randatmail.com"
"Brad","Harris","b.harris@randatmail.com"
"Ned","Kelly","n.kelly@randatmail.com"
"Vincent","Mitchell","v.mitchell@randatmail.com"
"Paul","Phillips","p.phillips@randatmail.com"
"Natalie","Rogers","n.rogers@randatmail.com"
"Sofia","Lloyd","s.lloyd@randatmail.com"
"Vanessa","Hunt","v.hunt@randatmail.com"
"Alan","Armstrong","a.armstrong@randatmail.com"
"Julian","Wright","j.wright@randatmail.com"
"Daryl","Hall","d.hall@randatmail.com"
"Dominik","Tucker","d.tucker@randatmail.com"
"James","Morrison","j.morrison@randatmail.com"
"Adrianna","Wells","a.wells@randatmail.com"
"Alberta","Edwards","a.edwards@randatmail.com"
"Rafael","Richards","r.richards@randatmail.com"
"George","Barrett","g.barrett@randatmail.com"
"Ellia","Hamilton","e.hamilton@randatmail.com"
"Alford","Anderson","a.anderson@randatmail.com"
"Victor","Elliott","v.elliott@randatmail.com"
"Byron","Johnston","b.johnston@randatmail.com"
"Oscar","Owens","o.owens@randatmail.com"
"Anna","Brown","a.brown@randatmail.com"
"Briony","Alexander","b.alexander@randatmail.com"
"Robert","Russell","r.russell@randatmail.com"
"Olivia","Bennett","o.bennett@randatmail.com"
"Mary","Bennett","m.bennett@randatmail.com"
"Julian","Alexander","j.alexander@randatmail.com"
"Edward","Murray","e.murray@randatmail.com"
"Fiona","Parker","f.parker@randatmail.com"
"Elian","Clark","e.clark@randatmail.com"
"Garry","Chapman","g.chapman@randatmail.com"
"Dominik","Stewart","d.stewart@randatmail.com"
"Patrick","Jones","p.jones@randatmail.com"
"Florrie","Riley","f.riley@randatmail.com"
"Mary","Thomas","m.thomas@randatmail.com"
"Nicholas","Cunningham","n.cunningham@randatmail.com"
"Alberta","Clark","a.clark@randatmail.com"
"Edith","Moore","e.moore@randatmail.com"
"Jack","Barrett","j.barrett@randatmail.com"
"Brianna","Clark","b.clark@randatmail.com"
"Abraham","Brown","a.brown@randatmail.com"
"Bruce","Carter","b.carter@randatmail.com"
"Lana","Crawford","l.crawford@randatmail.com"
"Florrie","Cole","f.cole@randatmail.com"
"Thomas","Hawkins","t.hawkins@randatmail.com"
"Abigail","Brown","a.brown@randatmail.com"
"Jordan","Evans","j.evans@randatmail.com"
"Ada","Farrell","a.farrell@randatmail.com"
"Alberta","Adams","a.adams@randatmail.com"
"Eleanor","Higgins","e.higgins@randatmail.com"
"Kelvin","Hall","k.hall@randatmail.com"
"Audrey","Hill","a.hill@randatmail.com"
"Miller","Hawkins","m.hawkins@randatmail.com"
"Garry","Edwards","g.edwards@randatmail.com"
"Roman","Wright","r.wright@randatmail.com"
"Grace","West","g.west@randatmail.com"
"Tess","Cooper","t.cooper@randatmail.com"
"Kelvin","Moore","k.moore@randatmail.com"
"Tyler","Cooper","t.cooper@randatmail.com"
"Sabrina","Foster","s.foster@randatmail.com"
"Maddie","Johnston","m.johnston@randatmail.com"
"Kirsten","Davis","k.davis@randatmail.com"
"Naomi","Henderson","n.henderson@randatmail.com"
"Richard","Reed","r.reed@randatmail.com"
"Freddie","Morgan","f.morgan@randatmail.com"
"Reid","Brooks","r.brooks@randatmail.com"
"Deanna","Mitchell","d.mitchell@randatmail.com"
"Alfred","Anderson","a.anderson@randatmail.com"
"Edith","Rogers","e.rogers@randatmail.com"
"Eddy","Lloyd","e.lloyd@randatmail.com"
"Kellan","Moore","k.moore@randatmail.com"
"Tess","Rogers","t.rogers@randatmail.com"
"Savana","Hawkins","s.hawkins@randatmail.com"
"Charlotte","Nelson","c.nelson@randatmail.com"
"Sabrina","Ferguson","s.ferguson@randatmail.com"
"Oscar","Hunt","o.hunt@randatmail.com"
"Fenton","Higgins","f.higgins@randatmail.com"
"Carlos","Gray","c.gray@randatmail.com"
"Patrick","Rogers","p.rogers@randatmail.com"
"Harold","Riley","h.riley@randatmail.com"
"Alen","Cunningham","a.cunningham@randatmail.com"
"Annabella","Higgins","a.higgins@randatmail.com"
"Savana","Kelly","s.kelly@randatmail.com"
"Natalie","Hunt","n.hunt@randatmail.com"
"Kellan","Cameron","k.cameron@randatmail.com"
"Lyndon","Murphy","l.murphy@randatmail.com"
"Chloe","Foster","c.foster@randatmail.com"
"Jared","Cameron","j.cameron@randatmail.com"
"Annabella","Gray","a.gray@randatmail.com"
"Abigail","Kelley","a.kelley@randatmail.com"
"Sawyer","Nelson","s.nelson@randatmail.com"
"Alexia","Bennett","a.bennett@randatmail.com"
"Arianna","Stevens","a.stevens@randatmail.com"
"Daniel","Higgins","d.higgins@randatmail.com"
"Sam","Miller","s.miller@randatmail.com"
"Adison","Warren","a.warren@randatmail.com"
"Adele","Parker","a.parker@randatmail.com"
"Mary","Cameron","m.cameron@randatmail.com"
"Kirsten","Sullivan","k.sullivan@randatmail.com"
"Sabrina","Fowler","s.fowler@randatmail.com"
"Ned","Owens","n.owens@randatmail.com"
"Sarah","Douglas","s.douglas@randatmail.com"
"Fenton","Barnes","f.barnes@randatmail.com"
"Samantha","Brown","s.brown@randatmail.com"
"Valeria","Allen","v.allen@randatmail.com"
"Kimberly","Richards","k.richards@randatmail.com"
"Edgar","Evans","e.evans@randatmail.com"
"Arthur","Wright","a.wright@randatmail.com"
"Sienna","Adams","s.adams@randatmail.com"
"Jessica","Smith","j.smith@randatmail.com"
"Julian","Crawford","j.crawford@randatmail.com"
"Tiana","Ryan","t.ryan@randatmail.com"
"Isabella","Ryan","i.ryan@randatmail.com"
"Nicholas","Johnson","n.johnson@randatmail.com"
"Emily","Hall","e.hall@randatmail.com"
"Lily","Harrison","l.harrison@randatmail.com"
"Camila","Kelly","c.kelly@randatmail.com"
"Jacob","Howard","j.howard@randatmail.com"
"Oscar","Grant","o.grant@randatmail.com"
"Amelia","Russell","a.russell@randatmail.com"
"Charlie","Richardson","c.richardson@randatmail.com"
"Lana","Craig","l.craig@randatmail.com"
"Adelaide","Brooks","a.brooks@randatmail.com"
"Carl","Clark","c.clark@randatmail.com"
"Carl","Hamilton","c.hamilton@randatmail.com"
"Justin","Clark","j.clark@randatmail.com"
"Adrian","Johnson","a.johnson@randatmail.com"
"Emily","Rogers","e.rogers@randatmail.com"
"Antony","Spencer","a.spencer@randatmail.com"
"Michelle","Bennett","m.bennett@randatmail.com"
"Eleanor","Myers","e.myers@randatmail.com"
"Chester","Perry","c.perry@randatmail.com"
"George","Grant","g.grant@randatmail.com"
"Violet","Jones","v.jones@randatmail.com"
"Brad","Morgan","b.morgan@randatmail.com"
